algorithm,inputType,n,timeNs,maxDepth,comparisons
MergeSort,random,100,677400,5,556
QuickSort,random,100,711100,4,590
MergeSort,sorted,100,36200,5,288
QuickSort,sorted,100,83300,4,612
MergeSort,reverse,100,54800,5,460
QuickSort,reverse,100,80900,4,577
MergeSort,duplicates,100,44400,5,505
QuickSort,duplicates,100,112900,2,1269
MergeSort,random,1000,695100,8,9094
QuickSort,random,1000,1128800,6,10392
MergeSort,sorted,1000,515600,8,4404
QuickSort,sorted,1000,1013600,6,10727
MergeSort,reverse,1000,638500,8,6884
QuickSort,reverse,1000,1006700,6,11005
MergeSort,duplicates,1000,634500,8,8285
QuickSort,duplicates,1000,3900300,3,102379
MergeSort,random,10000,1311500,11,127050
QuickSort,random,10000,1304300,9,156488
MergeSort,sorted,10000,1335600,11,59248
QuickSort,sorted,10000,878700,9,159817
MergeSort,reverse,10000,1066100,11,93648
QuickSort,reverse,10000,964800,9,157579
MergeSort,duplicates,10000,1736100,11,115037
QuickSort,duplicates,10000,8407200,3,10037762
DeterministicSelect,random,100,942200,6,833
DeterministicSelect,random,1000,585400,9,8370
DeterministicSelect,random,10000,1861900,14,95412
ClosestPair,random,100,6827800,7,127
ClosestPair,random,1000,5711400,10,1122
ClosestPair,random,5000,14245700,12,6444
